[
  {
    "title": "Propulsion Assignment",
    "course": "RS101"
  },
  {
    "title": "Combustion Analysis",
    "course": "RS101"
  },
  {
    "title": "Nozzle Design Project",
    "course": "RS101"
  },
  {
    "title": "Aerodynamics Quiz",
    "course": "RS102"
  },
  {
    "title": "Flow Analysis",
    "course": "RS102"
  },
  {
    "title": "Heating Analysis",
    "course": "RS102"
  },
  {
    "title": "Structural Design Task",
    "course": "RS103"
  },
  {
    "title": "Orbital Calculations",
    "course": "RS103"
  },
  {
    "title": "Systems Engineering Exam",
    "course": "RS103"
  }
]